time_s,north_m,east_m,altitude_m,roll_deg,pitch_deg,yaw_deg,flight_path_deg,airspeed_mps,alpha_deg,elevator_deg,rudder_deg,elevator_command_deg,surface_contact
0.000000,0.000000,0.000000,10.500000,0.000000,-1.318000,0.000000,-3.000000,5.000000,1.682000,0.000000,0.000000,-2.580000,false
0.050000,0.249843,0.000000,10.478426,0.000000,-1.317501,0.000000,-6.740280,5.037653,5.422780,-1.965458,0.000000,-2.082701,false
0.100000,0.500538,0.000000,10.441829,0.000000,-1.329347,0.000000,-9.745787,5.101408,8.416440,1.577912,0.000000,10.000000,false
0.150000,0.752864,0.000000,10.392660,0.000000,-1.419546,0.000000,-12.243699,5.185271,10.824153,6.615352,0.000000,10.000000,false
0.200000,1.007450,0.000000,10.332100,0.000000,-1.654072,0.000000,-14.470370,5.285411,12.816298,8.639786,0.000000,10.000000,false
0.250000,1.264796,0.000000,10.260800,0.000000,-2.058264,0.000000,-16.453519,5.398778,14.395255,9.453360,0.000000,10.000000,false
0.300000,1.525381,0.000000,10.179407,0.000000,-2.636425,0.000000,-18.191311,5.523300,15.554886,9.780318,0.000000,10.000000,false
0.350000,1.789671,0.000000,10.088604,0.000000,-3.382538,0.000000,-19.684766,5.656517,16.302228,9.911715,0.000000,10.000000,false
0.400000,2.058140,0.000000,9.989113,0.000000,-4.284563,0.000000,-20.938687,5.797342,16.654124,9.911715,0.000000,10.000000,false
0.450000,2.331300,0.000000,9.881676,0.000000,-5.326334,0.000000,-21.959535,5.945078,16.633201,9.911715,0.000000,10.000000,false
0.500000,2.609707,0.000000,9.767053,0.000000,-6.489265,0.000000,-22.755059,6.099246,16.265794,9.911715,0.000000,10.000000,false
0.550000,2.893958,0.000000,9.646024,0.000000,-7.752824,0.000000,-23.333910,6.259579,15.581086,9.911715,0.000000,10.000000,false
0.600000,3.184687,0.000000,9.519387,0.000000,-9.094859,0.000000,-23.704978,6.425876,14.610119,9.911715,0.000000,10.000000,false
0.650000,3.482531,0.000000,9.387974,0.000000,-10.491945,0.000000,-23.877787,6.596659,13.385842,9.911715,0.000000,10.000000,false
0.700000,3.788092,0.000000,9.252660,0.000000,-11.919636,0.000000,-23.863142,6.771194,11.943506,9.743096,0.000000,6.632960,false
0.750000,4.101924,0.000000,9.114297,0.000000,-13.334130,0.000000,-23.702274,6.948201,10.368144,5.380115,0.000000,-1.027305,false
0.800000,4.424384,0.000000,8.973500,0.000000,-14.629250,0.000000,-23.474877,7.126239,8.845626,0.056926,0.000000,-6.078795,false
0.850000,4.755561,0.000000,8.830405,0.000000,-15.697850,0.000000,-23.272944,7.304543,7.575094,-4.690484,0.000000,-9.698351,false
0.900000,5.095291,0.000000,8.684631,0.000000,-16.471575,0.000000,-23.191104,7.482829,6.719528,-7.842112,0.000000,-9.999872,false
0.950000,5.443346,0.000000,8.535650,0.000000,-16.940175,0.000000,-23.153464,7.661169,6.213289,-9.132793,0.000000,-9.999990,false
1.000000,5.799733,0.000000,8.383488,0.000000,-17.137790,0.000000,-23.076008,7.839122,5.938217,-9.651489,0.000000,-9.999999,false
1.050000,6.164599,0.000000,8.228599,0.000000,-17.111804,0.000000,-22.910908,8.015870,5.799104,-9.859941,0.000000,-9.999999,false
1.100000,6.538158,0.000000,8.071705,0.000000,-16.908213,0.000000,-22.635480,8.190444,5.727267,-9.902737,0.000000,-9.999999,false
1.150000,6.920621,0.000000,7.913684,0.000000,-16.567184,0.000000,-22.244182,8.361864,5.676998,-9.902737,0.000000,-9.999999,false
1.200000,7.312161,0.000000,7.755480,0.000000,-16.120522,0.000000,-21.743106,8.529220,5.622583,-9.902737,0.000000,-9.999999,false
1.250000,7.712883,0.000000,7.598033,0.000000,-15.591970,0.000000,-21.143906,8.691713,5.551936,-9.902737,0.000000,-9.999999,false
1.300000,8.122813,0.000000,7.442254,0.000000,-14.998854,0.000000,-20.460518,8.848659,5.461664,-9.902737,0.000000,-9.999999,false
1.350000,8.541894,0.000000,7.288991,0.000000,-14.353565,0.000000,-19.707032,8.999493,5.353467,-9.902737,0.000000,-9.999999,false
1.400000,8.969995,0.000000,7.139031,0.000000,-13.664829,0.000000,-18.896438,9.143747,5.231609,-9.902737,0.000000,-9.999999,false
1.450000,9.406910,0.000000,6.993091,0.000000,-12.938744,0.000000,-18.039990,9.281042,5.101246,-9.902737,0.000000,-9.999999,false
1.500000,9.852376,0.000000,6.851822,0.000000,-12.179600,0.000000,-17.147009,9.411067,4.967408,-9.902737,0.000000,-9.999999,false
1.550000,10.306072,0.000000,6.715818,0.000000,-11.390501,0.000000,-16.224956,9.533564,4.834455,-9.902737,0.000000,-9.999999,false
1.600000,10.767633,0.000000,6.585617,0.000000,-10.573806,0.000000,-15.279656,9.648319,4.705850,-9.902737,0.000000,-9.951499,false
1.650000,11.236658,0.000000,6.461713,0.000000,-9.731808,0.000000,-14.314867,9.755150,4.583059,-9.765010,0.000000,-9.233053,false
1.700000,11.712713,0.000000,6.344580,0.000000,-8.874393,0.000000,-13.329589,9.853897,4.455196,-9.196586,0.000000,-8.347090,false
1.750000,12.195343,0.000000,6.234670,0.000000,-8.022860,0.000000,-12.329027,9.944455,4.306167,-8.420195,0.000000,-7.453563,false
1.800000,12.684054,0.000000,6.132336,0.000000,-7.198765,0.000000,-11.326703,10.026838,4.127937,-7.618108,0.000000,-6.639159,false
1.850000,13.178318,0.000000,6.037781,0.000000,-6.418208,0.000000,-10.338511,10.101178,3.920303,-6.809232,0.000000,-5.887711,false
1.900000,13.677583,0.000000,5.951043,0.000000,-5.691395,0.000000,-9.380246,10.167484,3.688851,-6.055832,0.000000,-5.163287,false
1.950000,14.181284,0.000000,5.872002,0.000000,-5.023166,0.000000,-8.465002,10.226039,3.441835,-5.334372,0.000000,-4.468803,false
2.000000,14.688867,0.000000,5.800409,0.000000,-4.415478,0.000000,-7.602191,10.277277,3.186712,-4.642414,0.000000,-3.875317,false
2.050000,15.199809,0.000000,5.735907,0.000000,-3.868151,0.000000,-6.798781,10.321694,2.930630,-4.005458,0.000000,-3.299337,false
2.100000,15.713623,0.000000,5.678063,0.000000,-3.378915,0.000000,-6.058928,10.359823,2.680013,-3.442381,0.000000,-2.787708,false
2.150000,16.229864,0.000000,5.626391,0.000000,-2.943871,0.000000,-5.384015,10.392216,2.440144,-2.917032,0.000000,-2.284440,false
2.200000,16.748134,0.000000,5.580382,0.000000,-2.559364,0.000000,-4.772977,10.419415,2.213613,-2.423511,0.000000,-1.879629,false
2.250000,17.268082,0.000000,5.539521,0.000000,-2.221714,0.000000,-4.224275,10.441950,2.002562,-1.999817,0.000000,-1.508785,false
2.300000,17.789397,0.000000,5.503298,0.000000,-1.926297,0.000000,-3.735073,10.460326,1.808775,-1.611513,0.000000,-1.161183,false
2.350000,18.311809,0.000000,5.471221,0.000000,-1.669086,0.000000,-3.301277,10.475014,1.632191,-1.254807,0.000000,-0.846962,false
2.400000,18.835087,0.000000,5.442827,0.000000,-1.446900,0.000000,-2.918976,10.486377,1.472076,-0.935554,0.000000,-0.513574,false
2.450000,19.359024,0.000000,5.417683,0.000000,-1.257244,0.000000,-2.583365,10.494799,1.326121,-0.533913,0.000000,0.007464,false
2.500000,19.883446,0.000000,5.395399,0.000000,-1.101965,0.000000,-2.290159,10.500658,1.188194,-0.103997,0.000000,0.334803,false
2.550000,20.408205,0.000000,5.375596,0.000000,-0.982571,0.000000,-2.039273,10.504312,1.056703,0.219973,0.000000,0.481421,false
2.600000,20.933174,0.000000,5.357891,0.000000,-0.895763,0.000000,-1.831186,10.506123,0.935423,0.387463,0.000000,0.546235,false
2.650000,21.458250,0.000000,5.341899,0.000000,-0.833526,0.000000,-1.664238,10.506441,0.830713,0.438516,0.000000,0.550977,false
2.700000,21.983351,0.000000,5.327271,0.000000,-0.787204,0.000000,-1.532691,10.505583,0.745487,0.506549,0.000000,0.981366,false
2.750000,22.508414,0.000000,5.313726,0.000000,-0.755446,0.000000,-1.426270,10.503799,0.670824,0.940350,0.000000,1.082053,false
2.800000,23.033391,0.000000,5.301051,0.000000,-0.744968,0.000000,-1.343839,10.501286,0.598871,1.158194,0.000000,1.271977,false
2.850000,23.558243,0.000000,5.289019,0.000000,-0.754888,0.000000,-1.287171,10.498254,0.532282,1.209603,0.000000,1.481777,false
2.900000,24.082945,0.000000,5.277398,0.000000,-0.779968,0.000000,-1.254131,10.494912,0.474163,1.281669,0.000000,1.187168,false
2.950000,24.607480,0.000000,5.265975,0.000000,-0.813351,0.000000,-1.244459,10.491449,0.431108,1.163845,0.000000,1.310982,false
3.000000,25.131842,0.000000,5.254570,0.000000,-0.848378,0.000000,-1.249650,10.488018,0.401271,1.205448,0.000000,0.860496,false
3.050000,25.656033,0.000000,5.243061,0.000000,-0.882553,0.000000,-1.267774,10.484720,0.385221,1.022753,0.000000,0.939494,false
3.100000,26.180060,0.000000,5.231352,0.000000,-0.910032,0.000000,-1.292623,10.481630,0.382591,1.004371,0.000000,0.686407,false
3.150000,26.703933,0.000000,5.219407,0.000000,-0.929986,0.000000,-1.319885,10.478771,0.389899,0.876140,0.000000,0.871215,false
3.200000,27.227663,0.000000,5.207224,0.000000,-0.942431,0.000000,-1.344581,10.476136,0.402150,0.913986,0.000000,1.042820,false
3.250000,27.751262,0.000000,5.194838,0.000000,-0.952184,0.000000,-1.364673,10.473692,0.412489,1.010294,0.000000,1.061362,false
3.300000,28.274738,0.000000,5.182287,0.000000,-0.963532,0.000000,-1.382048,10.471406,0.418516,1.010294,0.000000,0.988026,false
3.350000,28.798100,0.000000,5.169583,0.000000,-0.976240,0.000000,-1.399426,10.469269,0.423186,0.884927,0.000000,0.563321,false
3.400000,29.321355,0.000000,5.156712,0.000000,-0.984136,0.000000,-1.418545,10.467290,0.434410,0.764888,0.000000,0.753122,false
3.450000,29.844511,0.000000,5.143683,0.000000,-0.985004,0.000000,-1.433860,10.465454,0.448857,0.787407,0.000000,0.861624,false
3.500000,30.367575,0.000000,5.130533,0.000000,-0.980499,0.000000,-1.446408,10.463725,0.465909,0.544103,0.000000,0.388757,false
3.550000,30.890552,0.000000,5.117284,0.000000,-0.965289,0.000000,-1.454667,10.462077,0.489378,0.520086,0.000000,1.032319,false
3.600000,31.413447,0.000000,5.104012,0.000000,-0.945971,0.000000,-1.451394,10.460441,0.505423,0.858908,0.000000,1.039748,false
3.650000,31.936260,0.000000,5.090805,0.000000,-0.934570,0.000000,-1.442581,10.458745,0.508011,0.902019,0.000000,0.814613,false
3.700000,32.458988,0.000000,5.077676,0.000000,-0.930159,0.000000,-1.435531,10.456987,0.505372,0.828483,0.000000,0.704248,false
3.750000,32.981629,0.000000,5.064598,0.000000,-0.927427,0.000000,-1.431674,10.455190,0.504247,0.789225,0.000000,0.692684,false
3.800000,33.504181,0.000000,5.051551,0.000000,-0.924322,0.000000,-1.428935,10.453374,0.504613,0.789225,0.000000,0.691812,false
3.850000,34.026641,0.000000,5.038528,0.000000,-0.920971,0.000000,-1.426817,10.451543,0.505847,0.789225,0.000000,0.691767,false
3.900000,34.549011,0.000000,5.025525,0.000000,-0.917495,0.000000,-1.425074,10.449702,0.507579,0.789225,0.000000,0.691782,false
3.950000,35.071288,0.000000,5.012539,0.000000,-0.913990,0.000000,-1.423568,10.447852,0.509578,0.789225,0.000000,0.691798,false
4.000000,35.593473,0.000000,4.999569,0.000000,-0.910525,0.000000,-1.422230,10.445995,0.511705,0.789225,0.000000,0.691812,false
4.050000,36.115566,0.000000,4.986612,0.000000,-0.907150,0.000000,-1.421033,10.444132,0.513883,0.789225,0.000000,0.691824,false
4.100000,36.637565,0.000000,4.973670,0.000000,-0.904556,0.000000,-1.419027,10.442264,0.514471,0.920153,0.000000,1.061058,false
4.150000,37.159472,0.000000,4.960755,0.000000,-0.907513,0.000000,-1.416824,10.440384,0.509311,0.895922,0.000000,0.492859,false
4.200000,37.681284,0.000000,4.947833,0.000000,-0.910898,0.000000,-1.421034,10.438520,0.510136,0.659112,0.000000,0.583136,false
4.250000,38.203003,0.000000,4.934867,0.000000,-0.907246,0.000000,-1.425751,10.436701,0.518505,0.659112,0.000000,0.751400,false
4.300000,38.724632,0.000000,4.921882,0.000000,-0.901133,0.000000,-1.425011,10.434903,0.523878,0.950479,0.000000,1.142958,false
4.350000,39.246171,0.000000,4.908924,0.000000,-0.902975,0.000000,-1.421957,10.433091,0.518982,0.994560,0.000000,0.911008,false
4.400000,39.767619,0.000000,4.895978,0.000000,-0.911496,0.000000,-1.423911,10.431283,0.512415,0.790370,0.000000,0.389463,false
4.450000,40.288978,0.000000,4.882980,0.000000,-0.914996,0.000000,-1.432579,10.429531,0.517583,0.604924,0.000000,0.639370,false
4.500000,40.810248,0.000000,4.869911,0.000000,-0.908862,0.000000,-1.439127,10.427845,0.530265,0.637437,0.000000,0.827908,false
4.550000,41.331434,0.000000,4.856812,0.000000,-0.899530,0.000000,-1.438631,10.426186,0.539101,0.933743,0.000000,1.220357,false
4.600000,41.852538,0.000000,4.843748,0.000000,-0.899066,0.000000,-1.433891,10.424505,0.534824,1.015100,0.000000,0.932890,false
4.650000,42.373558,0.000000,4.830712,0.000000,-0.907094,0.000000,-1.433648,10.422812,0.526554,0.913378,0.000000,0.412743,false
4.700000,42.894493,0.000000,4.817645,0.000000,-0.913817,0.000000,-1.440961,10.421158,0.527144,0.622982,0.000000,0.509163,false
4.750000,43.415345,0.000000,4.804505,0.000000,-0.910918,0.000000,-1.448798,10.419575,0.537880,0.602485,0.000000,0.746359,false
4.800000,43.936118,0.000000,4.791317,0.000000,-0.901921,0.000000,-1.450980,10.418035,0.549059,0.843637,0.000000,1.266832,false
4.850000,44.456815,0.000000,4.778148,0.000000,-0.899256,0.000000,-1.446603,10.416485,0.547347,1.005345,0.000000,1.004644,false
4.900000,44.977434,0.000000,4.765010,0.000000,-0.906097,0.000000,-1.445369,10.414918,0.539272,0.930408,0.000000,0.816624,false
4.950000,45.497975,0.000000,4.751855,0.000000,-0.914213,0.000000,-1.451347,10.413380,0.537134,0.645309,0.000000,0.494846,false
5.000000,46.018439,0.000000,4.738628,0.000000,-0.913507,0.000000,-1.459697,10.411912,0.546189,0.600909,0.000000,0.728938,false
5.050000,46.538830,0.000000,4.725341,0.000000,-0.904349,0.000000,-1.465365,10.410497,0.561016,0.474137,0.000000,0.628409,false
5.100000,47.059149,0.000000,4.712025,0.000000,-0.887589,0.000000,-1.465154,10.409102,0.577565,0.631749,0.000000,0.819954,false
5.150000,47.579399,0.000000,4.698747,0.000000,-0.871096,0.000000,-1.458204,10.407669,0.587109,0.702632,0.000000,0.759944,false
5.200000,48.099578,0.000000,4.685545,0.000000,-0.857641,0.000000,-1.449240,10.406166,0.591599,0.702632,0.000000,0.680922,false
5.250000,48.619682,0.000000,4.672429,0.000000,-0.846372,0.000000,-1.439992,10.404588,0.593620,0.685527,0.000000,0.610359,false
5.300000,49.139707,0.000000,4.659399,0.000000,-0.836762,0.000000,-1.430275,10.402937,0.593513,0.818013,0.000000,0.964827,false
5.350000,49.659650,0.000000,4.646465,0.000000,-0.833155,0.000000,-1.420269,10.401209,0.587114,0.873620,0.000000,0.806406,false
5.400000,50.179507,0.000000,4.633606,0.000000,-0.835115,0.000000,-1.414563,10.399426,0.579448,0.800475,0.000000,0.710476,false
5.450000,50.699275,0.000000,4.620779,0.000000,-0.837904,0.000000,-1.413182,10.397627,0.575278,0.783729,0.000000,0.703697,false
5.500000,51.218954,0.000000,4.607957,0.000000,-0.840290,0.000000,-1.413822,10.395835,0.573532,0.783729,0.000000,0.703170,false
5.550000,51.738543,0.000000,4.595125,0.000000,-0.842358,0.000000,-1.415725,10.394063,0.573367,0.783729,0.000000,0.703129,false
5.600000,52.258043,0.000000,4.582274,0.000000,-0.844132,0.000000,-1.418698,10.392318,0.574566,0.703107,0.000000,0.346875,false
5.650000,52.777456,0.000000,4.569384,0.000000,-0.841019,0.000000,-1.424057,10.390612,0.583038,0.643018,0.000000,0.911299,false
5.700000,53.296784,0.000000,4.556470,0.000000,-0.834878,0.000000,-1.424305,10.388933,0.589427,0.796725,0.000000,0.942380,false
5.750000,53.816028,0.000000,4.543566,0.000000,-0.832213,0.000000,-1.422782,10.387250,0.590570,0.813937,0.000000,0.828771,false
5.800000,54.335189,0.000000,4.530675,0.000000,-0.832739,0.000000,-1.422201,10.385564,0.589462,0.813937,0.000000,0.730452,false
5.850000,54.854265,0.000000,4.517784,0.000000,-0.834903,0.000000,-1.423320,10.383888,0.588417,0.794948,0.000000,0.705250,false
5.900000,55.373258,0.000000,4.504879,0.000000,-0.837738,0.000000,-1.425608,10.382235,0.587869,0.794948,0.000000,0.703290,false
5.950000,55.892168,0.000000,4.491951,0.000000,-0.840999,0.000000,-1.428851,10.380614,0.587852,0.794948,0.000000,0.703138,false
6.000000,56.410997,0.000000,4.478992,0.000000,-0.844455,0.000000,-1.433145,10.379029,0.588690,0.712457,0.000000,0.292126,false
6.050000,56.929746,0.000000,4.465979,0.000000,-0.842782,0.000000,-1.440786,10.377498,0.598005,0.515575,0.000000,0.884632,false
6.100000,57.448420,0.000000,4.452921,0.000000,-0.835115,0.000000,-1.442437,10.376011,0.607322,0.797283,0.000000,0.952478,false
6.150000,57.967019,0.000000,4.439871,0.000000,-0.831852,0.000000,-1.440416,10.374520,0.608564,0.831069,0.000000,0.815796,false
6.200000,58.485544,0.000000,4.426838,0.000000,-0.833127,0.000000,-1.439703,10.373023,0.606576,0.791020,0.000000,0.714932,false
6.250000,59.003994,0.000000,4.413803,0.000000,-0.836112,0.000000,-1.441027,10.371537,0.604915,0.791020,0.000000,0.704043,false
6.300000,59.522370,0.000000,4.400752,0.000000,-0.839805,0.000000,-1.443639,10.370077,0.603834,0.791020,0.000000,0.703196,false
6.350000,60.040673,0.000000,4.387674,0.000000,-0.843930,0.000000,-1.447292,10.368650,0.603361,0.791020,0.000000,0.305630,false
6.400000,60.558904,0.000000,4.374550,0.000000,-0.844788,0.000000,-1.454615,10.367272,0.609828,0.513997,0.000000,0.410910,false
6.450000,61.077067,0.000000,4.361365,0.000000,-0.836848,0.000000,-1.459007,10.365949,0.622159,0.696179,0.000000,1.007666,false
6.500000,61.595164,0.000000,4.348179,0.000000,-0.830603,0.000000,-1.456337,10.364631,0.625734,0.853481,0.000000,0.884093,false
6.550000,62.113195,0.000000,4.335022,0.000000,-0.831106,0.000000,-1.453803,10.363293,0.622697,0.827901,0.000000,0.723537,false
6.600000,62.631159,0.000000,4.321876,0.000000,-0.834811,0.000000,-1.454353,10.361956,0.619542,0.788820,0.000000,0.704712,false
6.650000,63.149057,0.000000,4.308717,0.000000,-0.839292,0.000000,-1.456783,10.360641,0.617491,0.757350,0.000000,0.692899,false
6.700000,63.666889,0.000000,4.295531,0.000000,-0.843303,0.000000,-1.460761,10.359361,0.617458,0.757350,0.000000,0.702330,false
6.750000,64.184657,0.000000,4.282301,0.000000,-0.844700,0.000000,-1.467219,10.358126,0.622519,0.520559,0.000000,0.402247,false
6.800000,64.702363,0.000000,4.269014,0.000000,-0.838064,0.000000,-1.471708,10.356944,0.633644,0.699343,0.000000,1.003266,false
6.850000,65.220010,0.000000,4.255722,0.000000,-0.833026,0.000000,-1.469708,10.355771,0.636681,0.826009,0.000000,0.875305,false
6.900000,65.737599,0.000000,4.242452,0.000000,-0.833683,0.000000,-1.468031,10.354585,0.634348,0.805007,0.000000,0.722853,false
6.950000,66.255129,0.000000,4.229187,0.000000,-0.837153,0.000000,-1.468694,10.353404,0.631541,0.787506,0.000000,0.704659,false
7.000000,66.772600,0.000000,4.215910,0.000000,-0.841671,0.000000,-1.471174,10.352244,0.629503,0.756255,0.000000,0.697034,false
7.050000,67.290012,0.000000,4.202603,0.000000,-0.845475,0.000000,-1.475791,10.351119,0.630316,0.616844,0.000000,0.283551,false
7.100000,67.807369,0.000000,4.189242,0.000000,-0.842338,0.000000,-1.482888,10.350047,0.640550,0.483354,0.000000,0.942441,false
7.150000,68.324672,0.000000,4.175843,0.000000,-0.833729,0.000000,-1.483117,10.349009,0.649388,0.784334,0.000000,0.964407,false
7.200000,68.841923,0.000000,4.162468,0.000000,-0.830940,0.000000,-1.479327,10.347954,0.648387,0.850232,0.000000,0.806373,false
7.250000,69.359122,0.000000,4.149120,0.000000,-0.833947,0.000000,-1.477995,10.346884,0.644047,0.786940,0.000000,0.708238,false
7.300000,69.876267,0.000000,4.135773,0.000000,-0.838668,0.000000,-1.479503,10.345824,0.640835,0.729819,0.000000,0.683237,false
7.350000,70.393360,0.000000,4.122402,0.000000,-0.842502,0.000000,-1.482970,10.344794,0.640467,0.729819,0.000000,0.701579,false
7.400000,70.910401,0.000000,4.108998,0.000000,-0.844879,0.000000,-1.487507,10.343801,0.642628,0.598486,0.000000,0.338655,false
7.450000,71.427392,0.000000,4.095544,0.000000,-0.840737,0.000000,-1.493429,10.342855,0.652692,0.514862,0.000000,0.314020,false
7.500000,71.944335,0.000000,4.082050,0.000000,-0.828438,0.000000,-1.496334,10.341942,0.667897,0.449210,0.000000,0.474082,false
7.550000,72.461234,0.000000,4.068556,0.000000,-0.809878,0.000000,-1.493326,10.341022,0.683448,0.512737,0.000000,0.572375,false
7.600000,72.978086,0.000000,4.055117,0.000000,-0.789555,0.000000,-1.484948,10.340046,0.695392,0.512737,0.000000,0.648412,false
7.650000,73.494890,0.000000,4.041774,0.000000,-0.769864,0.000000,-1.471869,10.338979,0.702005,0.701359,0.000000,0.950410,false
7.700000,74.011641,0.000000,4.028572,0.000000,-0.758028,0.000000,-1.455421,10.337787,0.697394,0.796620,0.000000,0.728762,false
7.750000,74.528333,0.000000,4.015505,0.000000,-0.754395,0.000000,-1.442911,10.336481,0.688516,0.713784,0.000000,0.614520,false
7.800000,75.044960,0.000000,4.002528,0.000000,-0.752773,0.000000,-1.435610,10.335104,0.682837,0.662350,0.000000,0.600355,false
7.850000,75.561518,0.000000,3.989605,0.000000,-0.750393,0.000000,-1.430777,10.333687,0.680383,0.662350,0.000000,0.605215,false
7.900000,76.078006,0.000000,3.976721,0.000000,-0.747350,0.000000,-1.427228,10.332243,0.679878,0.662350,0.000000,0.605593,false
7.950000,76.594421,0.000000,3.963868,0.000000,-0.743855,0.000000,-1.424399,10.330779,0.680544,0.662350,0.000000,0.605623,false
8.000000,77.110764,0.000000,3.951040,0.000000,-0.740082,0.000000,-1.421960,10.329298,0.681879,0.662350,0.000000,0.605625,false
8.050000,77.627033,0.000000,3.938235,0.000000,-0.736164,0.000000,-1.419733,10.327804,0.683568,0.662350,0.000000,0.605625,false
8.100000,78.143227,0.000000,3.925451,0.000000,-0.732201,0.000000,-1.417628,10.326297,0.685426,0.662350,0.000000,0.605625,false
8.150000,78.659346,0.000000,3.912688,0.000000,-0.728263,0.000000,-1.415611,10.324778,0.687348,0.662350,0.000000,0.605625,false
8.200000,79.175390,0.000000,3.899944,0.000000,-0.724397,0.000000,-1.413676,10.323247,0.689279,0.662350,0.000000,0.605625,false
8.250000,79.691357,0.000000,3.887219,0.000000,-0.720635,0.000000,-1.411830,10.321707,0.691196,0.662350,0.000000,0.605625,false
8.300000,80.207247,0.000000,3.874513,0.000000,-0.717262,0.000000,-1.409525,10.320156,0.692263,0.765521,0.000000,1.024726,false
8.350000,80.723060,0.000000,3.861839,0.000000,-0.718948,0.000000,-1.405675,10.318588,0.686727,0.886922,0.000000,0.435099,false
8.400000,81.238794,0.000000,3.849179,0.000000,-0.724496,0.000000,-1.407797,10.317019,0.683302,0.626239,0.000000,0.509719,false
8.450000,81.754451,0.000000,3.836484,0.000000,-0.725009,0.000000,-1.412805,10.315491,0.687796,0.570999,0.000000,0.692106,false
8.500000,82.270031,0.000000,3.823753,0.000000,-0.721041,0.000000,-1.415735,10.314000,0.694694,0.610416,0.000000,0.668155,false
8.550000,82.785536,0.000000,3.811008,0.000000,-0.715573,0.000000,-1.415953,10.312527,0.700381,0.760011,0.000000,1.049194,false
8.600000,83.300969,0.000000,3.798282,0.000000,-0.715490,0.000000,-1.412634,10.311046,0.697144,0.884265,0.000000,0.897697,false
8.650000,83.816327,0.000000,3.785579,0.000000,-0.723068,0.000000,-1.412791,10.309558,0.689723,0.719628,0.000000,0.309659,false
8.700000,84.331611,0.000000,3.772840,0.000000,-0.728225,0.000000,-1.419904,10.308112,0.691679,0.520414,0.000000,0.495865,false
8.750000,84.846823,0.000000,3.760038,0.000000,-0.725178,0.000000,-1.426498,10.306729,0.701320,0.520414,0.000000,0.719344,false
8.800000,85.361966,0.000000,3.747197,0.000000,-0.717723,0.000000,-1.428518,10.305384,0.710795,0.630061,0.000000,1.138591,false
8.850000,85.877042,0.000000,3.734366,0.000000,-0.714127,0.000000,-1.424810,10.304037,0.710682,0.904120,0.000000,1.015534,false
8.900000,86.392050,0.000000,3.721571,0.000000,-0.720461,0.000000,-1.422409,10.302670,0.701948,0.886767,0.000000,0.341754,false
8.950000,86.906991,0.000000,3.708764,0.000000,-0.729072,0.000000,-1.428145,10.301325,0.699073,0.535808,0.000000,0.352784,false
9.000000,87.421864,0.000000,3.695890,0.000000,-0.728996,0.000000,-1.436234,10.300049,0.707238,0.511926,0.000000,0.580305,false
9.050000,87.936673,0.000000,3.682960,0.000000,-0.722178,0.000000,-1.440301,10.298825,0.718124,0.591161,0.000000,0.746028,false
9.100000,88.451422,0.000000,3.670019,0.000000,-0.715039,0.000000,-1.439105,10.297616,0.724067,0.781308,0.000000,1.054569,false
9.150000,88.966110,0.000000,3.657109,0.000000,-0.715557,0.000000,-1.434691,10.296386,0.719134,0.885016,0.000000,0.837155,false
9.200000,89.480737,0.000000,3.644227,0.000000,-0.724351,0.000000,-1.434552,10.295146,0.710202,0.720150,0.000000,0.304142,false
9.250000,89.995302,0.000000,3.631310,0.000000,-0.730590,0.000000,-1.442050,10.293947,0.711460,0.499405,0.000000,0.479645,false
9.300000,90.509807,0.000000,3.618324,0.000000,-0.728083,0.000000,-1.448884,10.292815,0.720801,0.516170,0.000000,0.651259,false
9.350000,91.024255,0.000000,3.605299,0.000000,-0.721302,0.000000,-1.451154,10.291722,0.729852,0.611348,0.000000,0.683529,false
9.400000,91.538649,0.000000,3.592272,0.000000,-0.715481,0.000000,-1.449228,10.290635,0.733748,0.817215,0.000000,1.044899,false
9.450000,92.052989,0.000000,3.579280,0.000000,-0.718019,0.000000,-1.445015,10.289526,0.726996,0.894222,0.000000,0.823818,false
9.500000,92.567274,0.000000,3.566304,0.000000,-0.726898,0.000000,-1.447232,10.288415,0.720334,0.596210,0.000000,0.347843,false
9.550000,93.081503,0.000000,3.553279,0.000000,-0.729505,0.000000,-1.454694,10.287356,0.725189,0.484978,0.000000,0.557399,false
9.600000,93.595679,0.000000,3.540198,0.000000,-0.724451,0.000000,-1.459405,10.286352,0.734954,0.563992,0.000000,0.676911,false
9.650000,94.109805,0.000000,3.527095,0.000000,-0.717374,0.000000,-1.459797,10.285370,0.742423,0.605550,0.000000,1.083024,false
9.700000,94.623883,0.000000,3.514012,0.000000,-0.714108,0.000000,-1.455532,10.284377,0.741424,0.870736,0.000000,0.919933,false
9.750000,95.137911,0.000000,3.500967,0.000000,-0.720187,0.000000,-1.452492,10.283361,0.732304,0.870736,0.000000,0.341434,false
9.800000,95.651888,0.000000,3.487919,0.000000,-0.728832,0.000000,-1.457313,10.282359,0.728481,0.529366,0.000000,0.352759,false
9.850000,96.165815,0.000000,3.474810,0.000000,-0.729388,0.000000,-1.464656,10.281419,0.735268,0.508198,0.000000,0.580303,false
9.900000,96.679695,0.000000,3.461650,0.000000,-0.723664,0.000000,-1.468327,10.280528,0.744663,0.589003,0.000000,0.678692,false
9.950000,97.193531,0.000000,3.448478,0.000000,-0.717074,0.000000,-1.468361,10.279651,0.751287,0.572919,0.000000,0.439063,false
10.000000,97.707323,0.000000,3.435308,0.000000,-0.708859,0.000000,-1.467954,10.278772,0.759095,0.500069,0.000000,0.499710,false
10.050000,98.221071,0.000000,3.422154,0.000000,-0.697583,0.000000,-1.465150,10.277879,0.767567,0.500069,0.000000,0.582507,false
10.100000,98.734774,0.000000,3.409037,0.000000,-0.684457,0.000000,-1.459779,10.276952,0.775322,0.500069,0.000000,0.588265,false
10.150000,99.248431,0.000000,3.395980,0.000000,-0.670461,0.000000,-1.452009,10.275970,0.781548,0.533391,0.000000,0.598649,false
10.200000,99.762040,0.000000,3.383003,0.000000,-0.657106,0.000000,-1.442547,10.274915,0.785441,0.533391,0.000000,0.589520,false
10.250000,100.275596,0.000000,3.370121,0.000000,-0.646416,0.000000,-1.430481,10.273779,0.784065,0.758310,0.000000,0.889626,false
10.300000,100.789096,0.000000,3.357353,0.000000,-0.644453,0.000000,-1.419004,10.272550,0.774551,0.781925,0.000000,0.657819,false
10.350000,101.302535,0.000000,3.344666,0.000000,-0.648624,0.000000,-1.413098,10.271259,0.764474,0.687734,0.000000,0.548749,false
10.400000,101.815909,0.000000,3.332006,0.000000,-0.652776,0.000000,-1.412508,10.269956,0.759732,0.630371,0.000000,0.612258,false
10.450000,102.329218,0.000000,3.319345,0.000000,-0.655046,0.000000,-1.413717,10.268666,0.758672,0.630371,0.000000,0.671266,false
10.500000,102.842463,0.000000,3.306670,0.000000,-0.656022,0.000000,-1.415596,10.267397,0.759574,0.630371,0.000000,0.695460,false
10.550000,103.355645,0.000000,3.293979,0.000000,-0.656170,0.000000,-1.417603,10.266151,0.761433,0.630371,0.000000,0.697342,false
10.600000,103.868765,0.000000,3.281273,0.000000,-0.655824,0.000000,-1.419488,10.264928,0.763664,0.630371,0.000000,0.697488,false
10.650000,104.381823,0.000000,3.268552,0.000000,-0.655216,0.000000,-1.421168,10.263726,0.765951,0.630371,0.000000,0.697499,false
10.700000,104.894822,0.000000,3.255818,0.000000,-0.654501,0.000000,-1.422643,10.262543,0.768141,0.630371,0.000000,0.697500,false
10.750000,105.407762,0.000000,3.243073,0.000000,-0.653779,0.000000,-1.423953,10.261378,0.770175,0.630371,0.000000,0.697500,false
10.800000,105.920643,0.000000,3.230318,0.000000,-0.653110,0.000000,-1.425152,10.260229,0.772043,0.630371,0.000000,0.697500,false
10.850000,106.433467,0.000000,3.217556,0.000000,-0.652876,0.000000,-1.425784,10.259095,0.772908,0.701835,0.000000,0.697500,false
10.900000,106.946235,0.000000,3.204791,0.000000,-0.655026,0.000000,-1.426450,10.257973,0.771424,0.704052,0.000000,0.748447,false
10.950000,107.458947,0.000000,3.192013,0.000000,-0.658050,0.000000,-1.429894,10.256873,0.771844,0.514994,0.000000,0.399883,false
11.000000,107.971604,0.000000,3.179192,0.000000,-0.655298,0.000000,-1.435062,10.255815,0.779764,0.435992,0.000000,0.802475,false
11.050000,108.484208,0.000000,3.166345,0.000000,-0.648397,0.000000,-1.435270,10.254787,0.786873,0.670380,0.000000,0.854374,false
11.100000,108.996761,0.000000,3.153516,0.000000,-0.645681,0.000000,-1.432451,10.253750,0.786770,0.708650,0.000000,0.716039,false
11.150000,109.509262,0.000000,3.140708,0.000000,-0.647338,0.000000,-1.431040,10.252701,0.783702,0.690542,0.000000,0.627632,false
11.200000,110.021711,0.000000,3.127905,0.000000,-0.651237,0.000000,-1.431622,10.251660,0.780385,0.690542,0.000000,0.638130,false
11.250000,110.534108,0.000000,3.115090,0.000000,-0.656257,0.000000,-1.434236,10.250640,0.777979,0.632321,0.000000,0.209797,false
11.300000,111.046454,0.000000,3.102234,0.000000,-0.657357,0.000000,-1.440777,10.249663,0.783419,0.415870,0.000000,0.370923,false
11.350000,111.558751,0.000000,3.089327,0.000000,-0.650812,0.000000,-1.444293,10.248737,0.793482,0.594369,0.000000,0.855685,false
11.400000,112.071003,0.000000,3.076422,0.000000,-0.646237,0.000000,-1.441835,10.247817,0.795597,0.723130,0.000000,0.732452,false
11.450000,112.583208,0.000000,3.063540,0.000000,-0.647432,0.000000,-1.439893,10.246883,0.792461,0.702608,0.000000,0.628908,false
11.500000,113.095367,0.000000,3.050665,0.000000,-0.651524,0.000000,-1.440425,10.245953,0.788901,0.685507,0.000000,0.563061,false
11.550000,113.607480,0.000000,3.037777,0.000000,-0.656477,0.000000,-1.443247,10.245045,0.786770,0.607354,0.000000,0.195585,false
11.600000,114.119547,0.000000,3.024848,0.000000,-0.656796,0.000000,-1.449772,10.244181,0.792976,0.394262,0.000000,0.326536,false
11.650000,114.631571,0.000000,3.011872,0.000000,-0.649942,0.000000,-1.452286,10.243363,0.802344,0.604332,0.000000,0.849441,false
11.700000,115.143555,0.000000,2.998902,0.000000,-0.645736,0.000000,-1.449609,10.242546,0.803873,0.717321,0.000000,0.731967,false
11.750000,115.655498,0.000000,2.985958,0.000000,-0.647165,0.000000,-1.447548,10.241714,0.800383,0.697768,0.000000,0.628870,false
11.800000,116.167399,0.000000,2.973023,0.000000,-0.651801,0.000000,-1.447773,10.240885,0.795973,0.697768,0.000000,0.546498,false
11.850000,116.679260,0.000000,2.960073,0.000000,-0.656814,0.000000,-1.451161,10.240078,0.794347,0.595374,0.000000,0.204647,false
11.900000,117.191079,0.000000,2.947080,0.000000,-0.656680,0.000000,-1.457549,10.239317,0.800869,0.389448,0.000000,0.381991,false
11.950000,117.702861,0.000000,2.934042,0.000000,-0.649632,0.000000,-1.459588,10.238600,0.809957,0.632565,0.000000,0.857048,false
12.000000,118.214607,0.000000,2.921016,0.000000,-0.646253,0.000000,-1.456596,10.237880,0.810343,0.714282,0.000000,0.718482,false
12.050000,118.726318,0.000000,2.908014,0.000000,-0.648339,0.000000,-1.454812,10.237147,0.806473,0.695235,0.000000,0.624096,false
12.100000,119.237992,0.000000,2.895018,0.000000,-0.653336,0.000000,-1.455382,10.236417,0.802046,0.662695,0.000000,0.542401,false
12.150000,119.749630,0.000000,2.882003,0.000000,-0.657707,0.000000,-1.459676,10.235715,0.801968,0.473717,0.000000,0.188939,false
12.200000,120.261232,0.000000,2.868938,0.000000,-0.654541,0.000000,-1.465570,10.235062,0.811029,0.458401,0.000000,0.814291,false
12.250000,120.772802,0.000000,2.855848,0.000000,-0.647979,0.000000,-1.465011,10.234437,0.817031,0.679386,0.000000,0.800544,false
12.300000,121.284341,0.000000,2.842780,0.000000,-0.646602,0.000000,-1.461914,10.233799,0.815312,0.716240,0.000000,0.708559,false
12.350000,121.795848,0.000000,2.829733,0.000000,-0.650041,0.000000,-1.460722,10.233151,0.810681,0.696867,0.000000,0.566339,false
12.400000,122.307324,0.000000,2.816686,0.000000,-0.655639,0.000000,-1.462352,10.232514,0.806713,0.613928,0.000000,0.538590,false
12.450000,122.818767,0.000000,2.803606,0.000000,-0.657828,0.000000,-1.468205,10.231913,0.810377,0.380816,0.000000,0.304443,false
12.500000,123.330180,0.000000,2.790476,0.000000,-0.651737,0.000000,-1.471762,10.231361,0.820026,0.557417,0.000000,0.842572,false
12.550000,123.841566,0.000000,2.777347,0.000000,-0.646666,0.000000,-1.469156,10.230816,0.822490,0.713569,0.000000,0.792393,false
12.600000,124.352925,0.000000,2.764245,0.000000,-0.647631,0.000000,-1.466443,10.230252,0.818812,0.694641,0.000000,0.630653,false
12.650000,124.864256,0.000000,2.751159,0.000000,-0.652345,0.000000,-1.466043,10.229686,0.813698,0.694641,0.000000,0.546637,false
12.700000,125.375559,0.000000,2.738062,0.000000,-0.657728,0.000000,-1.469250,10.229137,0.811522,0.511555,0.000000,0.180808,false
12.750000,125.886834,0.000000,2.724919,0.000000,-0.656525,0.000000,-1.475605,10.228635,0.819080,0.380298,0.000000,0.386347,false
12.800000,126.398084,0.000000,2.711739,0.000000,-0.648701,0.000000,-1.476493,10.228172,0.827793,0.639727,0.000000,0.871462,false
12.850000,126.909312,0.000000,2.698580,0.000000,-0.645545,0.000000,-1.472495,10.227696,0.826950,0.719255,0.000000,0.719603,false
12.900000,127.420515,0.000000,2.685452,0.000000,-0.648448,0.000000,-1.470094,10.227201,0.821645,0.699379,0.000000,0.569433,false
12.950000,127.931695,0.000000,2.672332,0.000000,-0.654218,0.000000,-1.470927,10.226708,0.816709,0.615381,0.000000,0.538831,false
13.000000,128.442850,0.000000,2.659189,0.000000,-0.657889,0.000000,-1.475565,10.226244,0.817675,0.429254,0.000000,0.242277,false
13.050000,128.953981,0.000000,2.645997,0.000000,-0.653542,0.000000,-1.480617,10.225829,0.827075,0.459204,0.000000,0.823968,false
13.100000,129.465092,0.000000,2.632790,0.000000,-0.647061,0.000000,-1.478683,10.225433,0.831622,0.714817,0.000000,0.803532,false
13.150000,129.976183,0.000000,2.619614,0.000000,-0.646884,0.000000,-1.475202,10.225017,0.828319,0.714817,0.000000,0.639965,false
13.200000,130.487254,0.000000,2.606459,0.000000,-0.651295,0.000000,-1.474077,10.224591,0.822782,0.695680,0.000000,0.547361,false
13.250000,130.998304,0.000000,2.593300,0.000000,-0.656851,0.000000,-1.476405,10.224178,0.819554,0.594367,0.000000,0.194364,false
13.300000,131.509333,0.000000,2.580104,0.000000,-0.657728,0.000000,-1.482184,10.223803,0.824457,0.390185,0.000000,0.322716,false
13.350000,132.020343,0.000000,2.566865,0.000000,-0.651059,0.000000,-1.484630,10.223473,0.833572,0.579505,0.000000,0.856578,false
13.400000,132.531338,0.000000,2.553636,0.000000,-0.646962,0.000000,-1.481063,10.223141,0.834101,0.714528,0.000000,0.732522,false
13.450000,133.042315,0.000000,2.540438,0.000000,-0.649140,0.000000,-1.478385,10.222788,0.829245,0.695440,0.000000,0.625187,false
13.500000,133.553276,0.000000,2.527253,0.000000,-0.654732,0.000000,-1.478512,10.222433,0.823780,0.635722,0.000000,0.540250,false
13.550000,134.064218,0.000000,2.514049,0.000000,-0.658844,0.000000,-1.483030,10.222104,0.824186,0.416581,0.000000,0.238662,false
13.600000,134.575145,0.000000,2.500796,0.000000,-0.654516,0.000000,-1.488050,10.221823,0.833534,0.450403,0.000000,0.878437,false
13.650000,135.086057,0.000000,2.487529,0.000000,-0.648210,0.000000,-1.485784,10.221560,0.837573,0.719317,0.000000,0.804851,false
13.700000,135.596957,0.000000,2.474295,0.000000,-0.648523,0.000000,-1.482160,10.221276,0.833637,0.719317,0.000000,0.640067,false
13.750000,136.107842,0.000000,2.461083,0.000000,-0.653544,0.000000,-1.481189,10.220982,0.827646,0.666193,0.000000,0.543643,false
13.800000,136.618713,0.000000,2.447862,0.000000,-0.658728,0.000000,-1.484522,10.220703,0.825794,0.461233,0.000000,0.182825,false
13.850000,137.129570,0.000000,2.434595,0.000000,-0.656121,0.000000,-1.490441,10.220470,0.834320,0.351177,0.000000,0.796589,false
13.900000,137.640415,0.000000,2.421302,0.000000,-0.648249,0.000000,-1.489435,10.220266,0.841185,0.671403,0.000000,0.866088,false
13.950000,138.151251,0.000000,2.408040,0.000000,-0.646252,0.000000,-1.485013,10.220042,0.838761,0.709502,0.000000,0.710739,false
14.000000,138.662076,0.000000,2.394810,0.000000,-0.649800,0.000000,-1.482632,10.219797,0.832832,0.691252,0.000000,0.556158,false
14.050000,139.172889,0.000000,2.381587,0.000000,-0.655522,0.000000,-1.483686,10.219555,0.828163,0.592232,0.000000,0.537799,false
14.100000,139.683689,0.000000,2.368338,0.000000,-0.657866,0.000000,-1.488612,10.219344,0.830746,0.379510,0.000000,0.304381,false
14.150000,140.194479,0.000000,2.355044,0.000000,-0.651906,0.000000,-1.491979,10.219177,0.840073,0.524660,0.000000,0.902807,false
14.200000,140.705261,0.000000,2.341754,0.000000,-0.646686,0.000000,-1.488404,10.219014,0.841718,0.718991,0.000000,0.739410,false
14.250000,141.216035,0.000000,2.328499,0.000000,-0.648311,0.000000,-1.484921,10.218827,0.836610,0.699159,0.000000,0.629449,false
14.300000,141.726800,0.000000,2.315264,0.000000,-0.654006,0.000000,-1.484450,10.218632,0.830444,0.638305,0.000000,0.540582,false
14.350000,142.237555,0.000000,2.302013,0.000000,-0.658476,0.000000,-1.488594,10.218459,0.830119,0.417619,0.000000,0.238687,false
14.400000,142.748302,0.000000,2.288714,0.000000,-0.654174,0.000000,-1.493764,10.218332,0.839591,0.425937,0.000000,0.876203,false
14.450000,143.259042,0.000000,2.275402,0.000000,-0.647189,0.000000,-1.491263,10.218225,0.844074,0.709485,0.000000,0.808403,false
14.500000,143.769778,0.000000,2.262126,0.000000,-0.646781,0.000000,-1.487116,10.218093,0.840334,0.709485,0.000000,0.650694,false
14.550000,144.280507,0.000000,2.248877,0.000000,-0.651314,0.000000,-1.485328,10.217945,0.834013,0.691237,0.000000,0.548195,false
14.600000,144.791229,0.000000,2.235628,0.000000,-0.657131,0.000000,-1.487158,10.217807,0.830026,0.592225,0.000000,0.139680,false
14.650000,145.301944,0.000000,2.222346,0.000000,-0.658108,0.000000,-1.492705,10.217704,0.834596,0.379507,0.000000,0.321379,false
14.700000,145.812654,0.000000,2.209022,0.000000,-0.651363,0.000000,-1.494792,10.217643,0.843429,0.573326,0.000000,0.856474,false
14.750000,146.323361,0.000000,2.195712,0.000000,-0.647254,0.000000,-1.490769,10.217579,0.843515,0.710952,0.000000,0.732513,false
14.800000,146.834065,0.000000,2.182436,0.000000,-0.649540,0.000000,-1.487663,10.217490,0.838123,0.692460,0.000000,0.625187,false
14.850000,147.344765,0.000000,2.169177,0.000000,-0.655329,0.000000,-1.487415,10.217397,0.832086,0.633653,0.000000,0.540250,false
14.900000,147.855460,0.000000,2.155899,0.000000,-0.658908,0.000000,-1.492195,10.217327,0.833287,0.377169,0.000000,0.246096,false
14.950000,148.366152,0.000000,2.142571,0.000000,-0.652897,0.000000,-1.496638,10.217305,0.843740,0.439701,0.000000,0.893091,false
15.000000,148.876843,0.000000,2.129240,0.000000,-0.645142,0.000000,-1.493009,10.217294,0.847867,0.715016,0.000000,0.809717,false
15.050000,149.387534,0.000000,2.115953,0.000000,-0.644586,0.000000,-1.487957,10.217251,0.843370,0.715016,0.000000,0.650796,false
15.100000,149.898223,0.000000,2.102701,0.000000,-0.649321,0.000000,-1.485537,10.217185,0.836216,0.695847,0.000000,0.548203,false
15.150000,150.408909,0.000000,2.089453,0.000000,-0.655492,0.000000,-1.487019,10.217125,0.831527,0.594448,0.000000,0.537180,false
15.200000,150.919592,0.000000,2.076177,0.000000,-0.658056,0.000000,-1.491955,10.217096,0.833899,0.380579,0.000000,0.304333,false
15.250000,151.430273,0.000000,2.062856,0.000000,-0.652367,0.000000,-1.495397,10.217113,0.843030,0.508735,0.000000,0.837703,false
15.300000,151.940956,0.000000,2.049535,0.000000,-0.646583,0.000000,-1.492172,10.217138,0.845589,0.708410,0.000000,0.792014,false
15.350000,152.451640,0.000000,2.036251,0.000000,-0.647259,0.000000,-1.488219,10.217137,0.840960,0.708410,0.000000,0.636833,false
15.400000,152.962325,0.000000,2.022992,0.000000,-0.652319,0.000000,-1.486913,10.217124,0.834594,0.658618,0.000000,0.543391,false
15.450000,153.473008,0.000000,2.009728,0.000000,-0.657734,0.000000,-1.489357,10.217123,0.831624,0.509827,0.000000,0.180556,false
15.500000,153.983692,0.000000,1.996425,0.000000,-0.656936,0.000000,-1.494783,10.217161,0.837846,0.379298,0.000000,0.386327,false
15.550000,154.494378,0.000000,1.983091,0.000000,-0.649767,0.000000,-1.495114,10.217235,0.845347,0.627671,0.000000,0.857385,false
15.600000,155.005068,0.000000,1.969782,0.000000,-0.647112,0.000000,-1.490654,10.217295,0.843542,0.710883,0.000000,0.718508,false
15.650000,155.515761,0.000000,1.956506,0.000000,-0.650387,0.000000,-1.487878,10.217332,0.837491,0.692402,0.000000,0.567112,false
15.700000,156.026456,0.000000,1.943243,0.000000,-0.656500,0.000000,-1.488222,10.217368,0.831721,0.611344,0.000000,0.141151,false
15.750000,156.537153,0.000000,1.929953,0.000000,-0.658467,0.000000,-1.493677,10.217434,0.835210,0.347627,0.000000,0.308908,false
15.800000,157.047854,0.000000,1.916617,0.000000,-0.651003,0.000000,-1.496551,10.217544,0.845548,0.516408,0.000000,0.911605,false
15.850000,157.558560,0.000000,1.903293,0.000000,-0.644499,0.000000,-1.491797,10.217653,0.847298,0.715011,0.000000,0.797080,false
15.900000,158.069272,0.000000,1.890016,0.000000,-0.645279,0.000000,-1.486968,10.217728,0.841689,0.715011,0.000000,0.637227,false
15.950000,158.579988,0.000000,1.876769,0.000000,-0.650674,0.000000,-1.485123,10.217784,0.834448,0.663202,0.000000,0.543422,false
16.000000,159.090707,0.000000,1.863521,0.000000,-0.656556,0.000000,-1.487022,10.217850,0.830466,0.594446,0.000000,0.139308,false
16.050000,159.601429,0.000000,1.850241,0.000000,-0.657532,0.000000,-1.492341,10.217952,0.834810,0.380578,0.000000,0.321350,false
16.100000,160.112157,0.000000,1.836921,0.000000,-0.650835,0.000000,-1.494197,10.218094,0.843362,0.573945,0.000000,0.856472,false
16.150000,160.622892,0.000000,1.823616,0.000000,-0.646780,0.000000,-1.489946,10.218233,0.843166,0.711311,0.000000,0.732513,false
16.200000,161.133634,0.000000,1.810348,0.000000,-0.649108,0.000000,-1.486610,10.218347,0.837502,0.692759,0.000000,0.625187,false
16.250000,161.644382,0.000000,1.797098,0.000000,-0.654919,0.000000,-1.486123,10.218454,0.831203,0.633861,0.000000,0.540250,false
16.300000,162.155135,0.000000,1.783834,0.000000,-0.659318,0.000000,-1.490069,10.218581,0.830751,0.415833,0.000000,0.238662,false
16.350000,162.665895,0.000000,1.770522,0.000000,-0.654841,0.000000,-1.495190,10.218753,0.840349,0.349884,0.000000,0.862701,false
16.400000,163.176664,0.000000,1.757196,0.000000,-0.646067,0.000000,-1.492634,10.218948,0.846567,0.678921,0.000000,0.868313,false
16.450000,163.687443,0.000000,1.743913,0.000000,-0.643944,0.000000,-1.486906,10.219112,0.842962,0.715767,0.000000,0.710912,false
16.500000,164.198230,0.000000,1.730672,0.000000,-0.647776,0.000000,-1.483498,10.219246,0.835722,0.696473,0.000000,0.556172,false
16.550000,164.709025,0.000000,1.717445,0.000000,-0.653964,0.000000,-1.483830,10.219377,0.829866,0.594750,0.000000,0.537800,false
16.600000,165.219826,0.000000,1.704202,0.000000,-0.658286,0.000000,-1.487023,10.219532,0.828737,0.474132,0.000000,0.188581,false
16.650000,165.730634,0.000000,1.690918,0.000000,-0.655752,0.000000,-1.491968,10.219727,0.836216,0.390369,0.000000,0.800763,false
16.700000,166.241453,0.000000,1.677613,0.000000,-0.648840,0.000000,-1.490832,10.219949,0.841992,0.652045,0.000000,0.854241,false
16.750000,166.752283,0.000000,1.664340,0.000000,-0.647153,0.000000,-1.486275,10.220153,0.839122,0.711143,0.000000,0.709818,false
16.800000,167.263124,0.000000,1.651099,0.000000,-0.650969,0.000000,-1.483651,10.220335,0.832682,0.692619,0.000000,0.556087,false
16.850000,167.773974,0.000000,1.637867,0.000000,-0.656915,0.000000,-1.484430,10.220519,0.827515,0.592891,0.000000,0.140293,false
16.900000,168.284833,0.000000,1.624607,0.000000,-0.658191,0.000000,-1.489515,10.220733,0.831324,0.379828,0.000000,0.321427,false
16.950000,168.795703,0.000000,1.611310,0.000000,-0.651559,0.000000,-1.491205,10.220987,0.839646,0.573511,0.000000,0.856478,false
17.000000,169.306586,0.000000,1.598029,0.000000,-0.647424,0.000000,-1.486778,10.221237,0.839354,0.711060,0.000000,0.732514,false
17.050000,169.817482,0.000000,1.584786,0.000000,-0.649581,0.000000,-1.483229,10.221460,0.833647,0.692550,0.000000,0.625187,false
17.100000,170.328389,0.000000,1.571563,0.000000,-0.655163,0.000000,-1.482483,10.221675,0.827320,0.633715,0.000000,0.540250,false
17.150000,170.839307,0.000000,1.558326,0.000000,-0.658595,0.000000,-1.486579,10.221909,0.827984,0.388768,0.000000,0.249822,false
17.200000,171.350237,0.000000,1.545046,0.000000,-0.653028,0.000000,-1.489960,10.222186,0.836932,0.509241,0.000000,0.901481,false
17.250000,171.861181,0.000000,1.531771,0.000000,-0.647390,0.000000,-1.485991,10.222470,0.838601,0.711555,0.000000,0.794057,false
17.300000,172.372139,0.000000,1.518536,0.000000,-0.648332,0.000000,-1.481825,10.222725,0.833493,0.692963,0.000000,0.630782,false
17.350000,172.883111,0.000000,1.505327,0.000000,-0.653340,0.000000,-1.480226,10.222967,0.826886,0.660802,0.000000,0.542921,false
17.400000,173.394095,0.000000,1.492116,0.000000,-0.658298,0.000000,-1.482793,10.223219,0.824496,0.459067,0.000000,0.182769,false
17.450000,173.905091,0.000000,1.478865,0.000000,-0.655663,0.000000,-1.487553,10.223509,0.831890,0.379908,0.000000,0.800311,false
17.500000,174.416102,0.000000,1.465598,0.000000,-0.648593,0.000000,-1.485672,10.223825,0.837079,0.682949,0.000000,0.860168,false
17.550000,174.927130,0.000000,1.452367,0.000000,-0.647501,0.000000,-1.480805,10.224118,0.833303,0.719124,0.000000,0.655529,false
17.600000,175.438172,0.000000,1.439170,0.000000,-0.651758,0.000000,-1.478215,10.224389,0.826457,0.699270,0.000000,0.548571,false
17.650000,175.949228,0.000000,1.425979,0.000000,-0.657371,0.000000,-1.479610,10.224663,0.822239,0.513416,0.000000,0.180958,false
17.700000,176.460297,0.000000,1.412756,0.000000,-0.656705,0.000000,-1.484504,10.224969,0.827800,0.381375,0.000000,0.386359,false
17.750000,176.971383,0.000000,1.399506,0.000000,-0.649529,0.000000,-1.484224,10.225309,0.834694,0.640246,0.000000,0.861113,false
17.800000,177.482485,0.000000,1.386285,0.000000,-0.647019,0.000000,-1.479270,10.225633,0.832251,0.719615,0.000000,0.718798,false
17.850000,177.993605,0.000000,1.373102,0.000000,-0.650423,0.000000,-1.476102,10.225931,0.825678,0.699680,0.000000,0.567135,false
17.900000,178.504739,0.000000,1.359934,0.000000,-0.656576,0.000000,-1.476119,10.226226,0.819542,0.615555,0.000000,0.141152,false
17.950000,179.015888,0.000000,1.346741,0.000000,-0.658379,0.000000,-1.481273,10.226547,0.822894,0.349320,0.000000,0.308908,false
18.000000,179.527053,0.000000,1.333508,0.000000,-0.651084,0.000000,-1.483151,10.226911,0.832067,0.569745,0.000000,0.916465,false
18.050000,180.038237,0.000000,1.320293,0.000000,-0.646004,0.000000,-1.478280,10.227270,0.832277,0.708880,0.000000,0.734262,false
18.100000,180.549439,0.000000,1.307121,0.000000,-0.647300,0.000000,-1.474025,10.227599,0.826725,0.690734,0.000000,0.629049,false
18.150000,181.060658,0.000000,1.293976,0.000000,-0.652256,0.000000,-1.472365,10.227912,0.820108,0.658945,0.000000,0.542786,false
18.200000,181.571892,0.000000,1.280829,0.000000,-0.657217,0.000000,-1.474269,10.228235,0.817052,0.526652,0.000000,0.190859,false
18.250000,182.083143,0.000000,1.267650,0.000000,-0.656073,0.000000,-1.478942,10.228592,0.822869,0.389034,0.000000,0.784628,false
18.300000,182.594412,0.000000,1.254449,0.000000,-0.649741,0.000000,-1.478136,10.228979,0.828394,0.634842,0.000000,0.852987,false
18.350000,183.105700,0.000000,1.241275,0.000000,-0.647780,0.000000,-1.473707,10.229351,0.825927,0.715997,0.000000,0.709721,false
18.400000,183.617008,0.000000,1.228136,0.000000,-0.651189,0.000000,-1.470889,10.229702,0.819700,0.696664,0.000000,0.566429,false
18.450000,184.128333,0.000000,1.215008,0.000000,-0.657057,0.000000,-1.471061,10.230050,0.814004,0.613810,0.000000,0.141097,false
18.500000,184.639676,0.000000,1.201856,0.000000,-0.658648,0.000000,-1.476018,10.230425,0.817370,0.358263,0.000000,0.311139,false
18.550000,185.151037,0.000000,1.188664,0.000000,-0.650872,0.000000,-1.478347,10.230842,0.827474,0.523794,0.000000,0.911778,false
18.600000,185.662420,0.000000,1.175487,0.000000,-0.643954,0.000000,-1.472928,10.231257,0.828975,0.748811,0.000000,0.811170,false
18.650000,186.173824,0.000000,1.162365,0.000000,-0.644961,0.000000,-1.467197,10.231632,0.822237,0.724009,0.000000,0.632113,false
18.700000,186.685247,0.000000,1.149277,0.000000,-0.650236,0.000000,-1.465422,10.231984,0.815187,0.629248,0.000000,0.540789,false
18.750000,187.196688,0.000000,1.136188,0.000000,-0.654573,0.000000,-1.466837,10.232346,0.812264,0.589756,0.000000,0.611639,false
18.800000,187.708147,0.000000,1.123082,0.000000,-0.656734,0.000000,-1.468907,10.232731,0.812173,0.524797,0.000000,0.260219,false
18.850000,188.219625,0.000000,1.109952,0.000000,-0.654327,0.000000,-1.471782,10.233145,0.817455,0.512563,0.000000,0.814667,false
18.900000,188.731124,0.000000,1.096816,0.000000,-0.650429,0.000000,-1.469815,10.233575,0.819386,0.684485,0.000000,0.780287,false
18.950000,189.242646,0.000000,1.083706,0.000000,-0.651122,0.000000,-1.466713,10.233991,0.815591,0.686448,0.000000,0.635922,false
19.000000,189.754188,0.000000,1.070615,0.000000,-0.655207,0.000000,-1.465439,10.234399,0.810232,0.686448,0.000000,0.553257,false
19.050000,190.265751,0.000000,1.057519,0.000000,-0.658852,0.000000,-1.468424,10.234817,0.809572,0.413372,0.000000,0.236757,false
19.100000,190.777334,0.000000,1.044385,0.000000,-0.653712,0.000000,-1.471979,10.235273,0.818267,0.464842,0.000000,0.888639,false
19.150000,191.288941,0.000000,1.031252,0.000000,-0.646711,0.000000,-1.468011,10.235741,0.821299,0.725120,0.000000,0.809370,false
19.200000,191.800572,0.000000,1.018165,0.000000,-0.646378,0.000000,-1.462727,10.236177,0.816349,0.725120,0.000000,0.640419,false
19.250000,192.312225,0.000000,1.005114,0.000000,-0.650487,0.000000,-1.460189,10.236590,0.809703,0.686889,0.000000,0.553606,false
19.300000,192.823898,0.000000,0.992071,0.000000,-0.655722,0.000000,-1.460753,10.237003,0.805031,0.590128,0.000000,0.592350,false
19.350000,193.335592,0.000000,0.979008,0.000000,-0.657205,0.000000,-1.464565,10.237439,0.807361,0.404807,0.000000,0.314153,false
19.400000,193.847308,0.000000,0.965912,0.000000,-0.650966,0.000000,-1.466235,10.237912,0.815269,0.561192,0.000000,0.843327,false
19.450000,194.359049,0.000000,0.952830,0.000000,-0.645807,0.000000,-1.461885,10.238385,0.816078,0.715389,0.000000,0.792451,false
19.500000,194.870813,0.000000,0.939791,0.000000,-0.646633,0.000000,-1.457420,10.238828,0.810787,0.715389,0.000000,0.636867,false
19.550000,195.382600,0.000000,0.926780,0.000000,-0.651235,0.000000,-1.455408,10.239254,0.804173,0.696158,0.000000,0.547120,false
19.600000,195.894408,0.000000,0.913773,0.000000,-0.656404,0.000000,-1.456713,10.239685,0.800308,0.594598,0.000000,0.204696,false
19.650000,196.406238,0.000000,0.900738,0.000000,-0.656515,0.000000,-1.461175,10.240144,0.804660,0.389136,0.000000,0.327245,false
19.700000,196.918090,0.000000,0.887674,0.000000,-0.649644,0.000000,-1.461587,10.240640,0.811943,0.601859,0.000000,0.849496,false
19.750000,197.429969,0.000000,0.874634,0.000000,-0.645604,0.000000,-1.456874,10.241126,0.811271,0.715891,0.000000,0.731971,false
19.800000,197.941871,0.000000,0.861634,0.000000,-0.647291,0.000000,-1.452899,10.241583,0.805608,0.696576,0.000000,0.628871,false
19.850000,198.453797,0.000000,0.848658,0.000000,-0.652163,0.000000,-1.451434,10.242028,0.799272,0.663813,0.000000,0.542772,false
19.900000,198.965745,0.000000,0.835681,0.000000,-0.656715,0.000000,-1.453130,10.242482,0.796415,0.594799,0.000000,0.210567,false
19.950000,199.477716,0.000000,0.822675,0.000000,-0.656172,0.000000,-1.457438,10.242965,0.801265,0.389217,0.000000,0.779951,false
20.000000,199.989712,0.000000,0.809646,0.000000,-0.649994,0.000000,-1.456946,10.243480,0.806952,0.634915,0.000000,0.852623,false
20.050000,200.501733,0.000000,0.796642,0.000000,-0.647530,0.000000,-1.452604,10.243984,0.805074,0.716039,0.000000,0.715902,false
20.100000,201.013780,0.000000,0.783673,0.000000,-0.650021,0.000000,-1.449561,10.244464,0.799540,0.696699,0.000000,0.623895,false
20.150000,201.525852,0.000000,0.770720,0.000000,-0.655080,0.000000,-1.448727,10.244938,0.793648,0.663916,0.000000,0.542385,false
20.200000,202.037947,0.000000,0.757758,0.000000,-0.658787,0.000000,-1.452047,10.245426,0.793260,0.427911,0.000000,0.238828,false
20.250000,202.550066,0.000000,0.744756,0.000000,-0.653768,0.000000,-1.455767,10.245954,0.801999,0.474938,0.000000,0.888800,false
20.300000,203.062212,0.000000,0.731754,0.000000,-0.646743,0.000000,-1.451984,10.246496,0.805241,0.729177,0.000000,0.809383,false
20.350000,203.574386,0.000000,0.718796,0.000000,-0.646131,0.000000,-1.446773,10.247007,0.800642,0.729177,0.000000,0.650770,false
20.400000,204.086586,0.000000,0.705874,0.000000,-0.650027,0.000000,-1.444080,10.247493,0.794053,0.689706,0.000000,0.564761,false
20.450000,204.598810,0.000000,0.692963,0.000000,-0.655226,0.000000,-1.444261,10.247977,0.789035,0.609784,0.000000,0.593217,false
20.500000,205.111058,0.000000,0.680037,0.000000,-0.657855,0.000000,-1.447440,10.248481,0.789585,0.437143,0.000000,0.256176,false
20.550000,205.623331,0.000000,0.667075,0.000000,-0.652652,0.000000,-1.450367,10.249021,0.797715,0.518916,0.000000,0.891625,false
20.600000,206.135632,0.000000,0.654118,0.000000,-0.646772,0.000000,-1.446433,10.249570,0.799661,0.716221,0.000000,0.793291,false
20.650000,206.647961,0.000000,0.641203,0.000000,-0.646681,0.000000,-1.441906,10.250090,0.795225,0.716221,0.000000,0.649518,false
20.700000,207.160316,0.000000,0.628319,0.000000,-0.650268,0.000000,-1.439521,10.250589,0.789253,0.696851,0.000000,0.564664,false
20.750000,207.672696,0.000000,0.615445,0.000000,-0.655341,0.000000,-1.439697,10.251088,0.784356,0.613918,0.000000,0.593210,false
20.800000,208.185102,0.000000,0.602555,0.000000,-0.657933,0.000000,-1.442886,10.251605,0.784952,0.439536,0.000000,0.256175,false
20.850000,208.697533,0.000000,0.589630,0.000000,-0.652664,0.000000,-1.445828,10.252159,0.793164,0.520069,0.000000,0.891625,false
20.900000,209.209992,0.000000,0.576710,0.000000,-0.646653,0.000000,-1.441878,10.252722,0.795226,0.716777,0.000000,0.793291,false
20.950000,209.722480,0.000000,0.563832,0.000000,-0.646374,0.000000,-1.437287,10.253254,0.790913,0.716777,0.000000,0.649518,false
21.000000,210.234994,0.000000,0.550985,0.000000,-0.649736,0.000000,-1.434789,10.253766,0.785053,0.697314,0.000000,0.619413,false
21.050000,210.747534,0.000000,0.538151,0.000000,-0.654809,0.000000,-1.434549,10.254275,0.779740,0.637024,0.000000,0.539801,false
21.100000,211.260100,0.000000,0.525304,0.000000,-0.657718,0.000000,-1.437813,10.254800,0.780095,0.439691,0.000000,0.254938,false
21.150000,211.772692,0.000000,0.512419,0.000000,-0.652520,0.000000,-1.440861,10.255361,0.788341,0.520144,0.000000,0.917540,false
21.200000,212.285313,0.000000,0.499540,0.000000,-0.646450,0.000000,-1.436863,10.255932,0.790414,0.747345,0.000000,0.866022,false
21.250000,212.797962,0.000000,0.486706,0.000000,-0.647424,0.000000,-1.431713,10.256472,0.784289,0.743989,0.000000,0.630722,false
21.300000,213.310639,0.000000,0.473902,0.000000,-0.652475,0.000000,-1.430173,10.256990,0.777698,0.666660,0.000000,0.542916,false
21.350000,213.823342,0.000000,0.461096,0.000000,-0.656807,0.000000,-1.431644,10.257515,0.774836,0.615736,0.000000,0.214305,false
21.400000,214.336071,0.000000,0.448264,0.000000,-0.656277,0.000000,-1.435624,10.258066,0.779347,0.409205,0.000000,0.382742,false
21.450000,214.848827,0.000000,0.435408,0.000000,-0.649098,0.000000,-1.435465,10.258647,0.786367,0.642093,0.000000,0.857106,false
21.500000,215.361613,0.000000,0.422581,0.000000,-0.645348,0.000000,-1.430412,10.259214,0.785064,0.720898,0.000000,0.774188,false
21.550000,215.874428,0.000000,0.409795,0.000000,-0.646825,0.000000,-1.426346,10.259750,0.779521,0.720898,0.000000,0.669601,false
21.600000,216.387270,0.000000,0.397035,0.000000,-0.651389,0.000000,-1.424674,10.260269,0.773285,0.683957,0.000000,0.546479,false
21.650000,216.900138,0.000000,0.384276,0.000000,-0.655643,0.000000,-1.425841,10.260793,0.770198,0.627748,0.000000,0.612082,false
21.700000,217.413032,0.000000,0.371497,0.000000,-0.656487,0.000000,-1.429239,10.261338,0.772752,0.436838,0.000000,0.315687,false
21.750000,217.925953,0.000000,0.358690,0.000000,-0.650766,0.000000,-1.430067,10.261914,0.779301,0.613866,0.000000,0.848598,false
21.800000,218.438904,0.000000,0.345901,0.000000,-0.646889,0.000000,-1.426132,10.262486,0.779243,0.706172,0.000000,0.728175,false
21.850000,218.951883,0.000000,0.333147,0.000000,-0.647431,0.000000,-1.422583,10.263031,0.775152,0.688477,0.000000,0.634785,false
21.900000,219.464890,0.000000,0.320416,0.000000,-0.650358,0.000000,-1.420733,10.263561,0.770375,0.688477,0.000000,0.618268,false
21.950000,219.977924,0.000000,0.307695,0.000000,-0.654510,0.000000,-1.420356,10.264090,0.765846,0.688477,0.000000,0.616983,false
22.000000,220.490984,0.000000,0.294968,0.000000,-0.658421,0.000000,-1.422569,10.264629,0.764147,0.513239,0.000000,0.241712,false
22.050000,221.004071,0.000000,0.282205,0.000000,-0.655071,0.000000,-1.427012,10.265199,0.771941,0.393190,0.000000,0.856729,false
22.100000,221.517187,0.000000,0.269427,0.000000,-0.646698,0.000000,-1.424624,10.265792,0.777926,0.696324,0.000000,0.867849,false
22.150000,222.030332,0.000000,0.256693,0.000000,-0.644056,0.000000,-1.418562,10.266356,0.774506,0.758559,0.000000,0.719322,false
22.200000,222.543507,0.000000,0.244005,0.000000,-0.647206,0.000000,-1.414804,10.266882,0.767598,0.691758,0.000000,0.621925,false
22.250000,223.056707,0.000000,0.231335,0.000000,-0.651973,0.000000,-1.414002,10.267396,0.762028,0.659799,0.000000,0.542232,false
22.300000,223.569934,0.000000,0.218661,0.000000,-0.655712,0.000000,-1.415413,10.267919,0.759701,0.633166,0.000000,0.613987,false
22.350000,224.083186,0.000000,0.205970,0.000000,-0.657121,0.000000,-1.418017,10.268460,0.760895,0.492804,0.000000,0.264001,false
22.400000,224.596466,0.000000,0.193251,0.000000,-0.652563,0.000000,-1.419713,10.269029,0.767150,0.635354,0.000000,0.961675,false
22.450000,225.109774,0.000000,0.180544,0.000000,-0.649620,0.000000,-1.416152,10.269598,0.766532,0.744534,0.000000,0.862323,false
22.500000,225.623111,0.000000,0.167871,0.000000,-0.652213,0.000000,-1.412940,10.270142,0.760727,0.711133,0.000000,0.793287,false
22.550000,226.136476,0.000000,0.155212,0.000000,-0.657327,0.000000,-1.412438,10.270676,0.755111,0.711133,0.000000,0.290644,false
22.600000,226.649867,0.000000,0.142539,0.000000,-0.660296,0.000000,-1.416361,10.271221,0.756065,0.423095,0.000000,0.418147,false
22.650000,227.163285,0.000000,0.129827,0.000000,-0.654254,0.000000,-1.419504,10.271802,0.765249,0.502579,0.000000,0.893244,false
22.700000,227.676732,0.000000,0.117119,0.000000,-0.646496,0.000000,-1.415291,10.272390,0.768794,0.740286,0.000000,0.864478,false
22.750000,228.190210,0.000000,0.104461,0.000000,-0.645475,0.000000,-1.409221,10.272938,0.763746,0.766905,0.000000,0.655864,false
22.800000,228.703715,0.000000,0.091845,0.000000,-0.649409,0.000000,-1.406179,10.273448,0.756770,0.696588,0.000000,0.565157,false
22.850000,229.217245,0.000000,0.079241,0.000000,-0.654006,0.000000,-1.406189,10.273949,0.752183,0.636520,0.000000,0.603598,false
22.900000,229.730800,0.000000,0.066629,0.000000,-0.656786,0.000000,-1.407828,10.274460,0.751041,0.563766,0.000000,0.259593,false
22.950000,230.244381,0.000000,0.053992,0.000000,-0.654524,0.000000,-1.410818,10.274990,0.756294,0.519309,0.000000,0.806519,false
23.000000,230.757988,0.000000,0.041348,0.000000,-0.649619,0.000000,-1.408727,10.275534,0.759107,0.729326,0.000000,0.789589,false
23.050000,231.271623,0.000000,0.028734,0.000000,-0.649122,0.000000,-1.405039,10.276054,0.755917,0.729326,0.000000,0.649231,false
23.100000,231.785284,0.000000,0.016145,0.000000,-0.651710,0.000000,-1.403096,10.276551,0.751386,0.708175,0.000000,0.619391,false
23.150000,232.298970,0.000000,0.003569,0.000000,-0.656801,0.000000,-1.400822,10.277041,0.744020,0.977631,0.000000,0.957710,false
23.170000,232.504452,0.000000,-0.001453,0.000000,-0.661475,0.000000,-1.399827,10.277233,0.738353,0.931359,0.000000,0.669965,true
